<?xml version='1.0' encoding='UTF-8' ?>
<timeLogEntries>
  <time id="13" path="/AED_Labs/LAB_Unidad_2/Design" start="@1568560126735" delta="42" interrupt="5" flag="A" />
  <time id="14" path="/AED_Labs/LAB_Unidad_2/Design" start="@1568563638597" delta="40" flag="A" />
  <time id="15" path="/AED_Labs/LAB_Unidad_2/Design" start="@1568566776205" delta="40" flag="A" />
  <time id="16" path="/AED_Labs/LAB_Unidad_2/Design" start="@1568569845236" delta="40" flag="A" />
  <time id="17" path="/AED_Labs/LAB_Unidad_2/Design" start="@1568572882218" delta="50" interrupt="104" flag="A" />
  <time id="18" path="/AED_Labs/LAB_Unidad_2/Design" start="@1568584040552" delta="10" flag="A" />
  <time id="19" path="/AED_Labs/LAB_Unidad_2/Design" start="@1568585376309" delta="55" interrupt="10" flag="A" />
  <time id="20" path="/AED_Labs/LAB_Unidad_2/Code" start="@1568589326751" delta="33" flag="A" />
  <time id="21" path="/AED_Labs/LAB_Unidad_2/Code" start="@1568591951415" delta="274" interrupt="9" flag="A" />
</timeLogEntries>
