<?xml version='1.0' encoding='UTF-8' ?>
<timeLogEntries>
  <time id="1" path="/AED_Labs/LAB_Unidad_2/Planning" start="@1567893185105" delta="15" />
  <time id="2" path="/AED_Labs/LAB_Unidad_2/Planning" start="@1567895064562" delta="3" interrupt="2" />
  <time id="3" path="/AED_Labs/LAB_Unidad_2/Planning" start="@1567898961386" delta="10" />
  <time id="4" path="/AED_Labs/LAB_Unidad_2/Planning" start="@1567901736991" delta="21" />
  <time id="5" path="/AED_Labs/LAB_Unidad_2/Planning" start="@1567904214670" delta="16" />
  <time id="6" path="/AED_Labs/LAB_Unidad_2/Planning" start="@1567906017585" delta="24" />
  <time id="7" path="/AED_Labs/LAB_Unidad_2/Planning" start="@1567908118702" delta="40" interrupt="1" />
  <time id="8" path="/AED_Labs/LAB_Unidad_2/Planning" start="@1567911360985" delta="60" interrupt="1" />
</timeLogEntries>
